-- phpMyAdmin SQL Dump
-- version 3.2.4
-- http://www.phpmyadmin.net
--
-- 主机: localhost
-- 生成日期: 2012 年 08 月 17 日 03:34
-- 服务器版本: 5.1.44
-- PHP 版本: 5.3.1

SET SQL_MODE="NO_AUTO_VALUE_ON_ZERO";


/*!40101 SET @OLD_CHARACTER_SET_CLIENT=@@CHARACTER_SET_CLIENT */;
/*!40101 SET @OLD_CHARACTER_SET_RESULTS=@@CHARACTER_SET_RESULTS */;
/*!40101 SET @OLD_COLLATION_CONNECTION=@@COLLATION_CONNECTION */;
/*!40101 SET NAMES utf8 */;

--
-- 数据库: `miaomi`
--

-- --------------------------------------------------------

--
-- 表的结构 `comment`
--

CREATE TABLE IF NOT EXISTS `comment` (
  `id` int(10) NOT NULL AUTO_INCREMENT,
  `comment_imgid` int(6) NOT NULL,
  `comment_uid` varchar(10) CHARACTER SET utf8 COLLATE utf8_unicode_ci NOT NULL,
  `comment_uname` varchar(100) CHARACTER SET utf8 COLLATE utf8_unicode_ci NOT NULL,
  `comment_text` varchar(400) NOT NULL,
  `comment_date` datetime NOT NULL,
  PRIMARY KEY (`id`)
) ENGINE=MyISAM  DEFAULT CHARSET=utf8 AUTO_INCREMENT=35 ;

--
-- 转存表中的数据 `comment`
--

INSERT INTO `comment` (`id`, `comment_imgid`, `comment_uid`, `comment_uname`, `comment_text`, `comment_date`) VALUES
(31, 10, '1738767847', '猴子与面包', '吩咐', '2012-08-15 05:21:36'),
(9, 12, '1738767847', '猴子与面包', '好喜欢这只小猫呀～～～', '2012-08-14 13:48:58'),
(26, 12, '2873082872', '萌猫录', '楼主在什么地方啊，我想看看', '2012-08-14 16:00:28'),
(30, 12, '1738767847', '猴子与面包', '这只猫我见过的哦', '2012-08-14 16:10:20'),
(25, 15, '2873082872', '萌猫录', '想养一只小猫，有人愿意一起吗？', '2012-08-14 15:59:08'),
(23, 12, '2873082872', '萌猫录', '你们喜欢我不啊哈哈', '2012-08-14 15:57:18'),
(24, 26, '2873082872', '萌猫录', '好可爱好想要啊啊啊', '2012-08-14 15:57:59'),
(33, 25, '1738767847', '猴子与面包', '哈哈哈，我来凑热闹了！', '2012-08-15 05:25:02'),
(34, 0, '1738767847', '猴子与面包', '0', '2012-08-15 05:31:32');

-- --------------------------------------------------------

--
-- 表的结构 `img`
--

CREATE TABLE IF NOT EXISTS `img` (
  `imgid` int(6) NOT NULL AUTO_INCREMENT,
  `imgname` varchar(100) CHARACTER SET utf8 COLLATE utf8_unicode_ci NOT NULL,
  `imguid` varchar(20) CHARACTER SET utf8 COLLATE utf8_unicode_ci NOT NULL,
  `imgcatid` int(10) NOT NULL,
  `imgtext` varchar(500) CHARACTER SET utf8 COLLATE utf8_unicode_ci NOT NULL,
  `imglike` int(10) NOT NULL,
  `imgdate` datetime NOT NULL,
  PRIMARY KEY (`imgid`)
) ENGINE=MyISAM  DEFAULT CHARSET=utf8 AUTO_INCREMENT=31 ;

--
-- 转存表中的数据 `img`
--

INSERT INTO `img` (`imgid`, `imgname`, `imguid`, `imgcatid`, `imgtext`, `imglike`, `imgdate`) VALUES
(2, '20120723154010', '2765347015', 12, '我是一只很好看的小猫对不对～', 8, '2012-07-23 15:40:10'),
(3, '20120723154132', '1738767847', 12, 'what fuck !', 2, '2012-07-23 15:41:32'),
(4, '20120724061538', '2765347015', 12, 'what fuck !', 1, '2012-07-24 06:15:38'),
(5, '20120724135059', '1738767847', 34, '我家的小猫', 1, '2012-07-24 13:50:59'),
(6, '20120724135112', '2765347015', 34, 'kola的小猫', 0, '2012-07-24 13:51:12'),
(7, '20120724135124', '2765347015', 34, '我们在一起·', 0, '2012-07-24 13:51:24'),
(8, '20120724135141', '1738767847', 34, '好爱你哟～', 0, '2012-07-24 13:51:41'),
(9, '20120724135152', '2765347015', 34, '想啥呢', 1, '2012-07-24 13:51:52'),
(10, '20120724135203', '1738767847', 34, '捏捏', 0, '2012-07-24 13:52:03'),
(11, '20120724135216', '2765347015', 34, '二愣子嘛，哈哈', 0, '2012-07-24 13:52:16'),
(12, '20120724135319', '2765347015', 34, '我想喝酸奶～', 17, '2012-07-24 13:53:19'),
(13, '20120724135359', '2765347015', 34, '我好喜欢小猫哦', 0, '2012-07-24 13:53:59'),
(14, '20120724135434', '1738767847', 34, '我好懒哦好懒好懒', 1, '2012-07-24 13:54:34'),
(15, '20120724135526', '2765347015', 34, '太萌了吧哈哈哈', 2, '2012-07-24 13:55:26'),
(16, '20120724135544', '2765347015', 34, '别躲，你以为我看不见了吗', 0, '2012-07-24 13:55:44'),
(17, '20120724135611', '2765347015', 34, '小宝宝，好喜欢你好喜欢^_^', 0, '2012-07-24 13:56:11'),
(18, '20120724135702', '2765347015', 34, '哈哈哈，我是汪星人！', 0, '2012-07-24 13:57:02'),
(19, '20120724135722', '2765347015', 34, '哈哈哈，别跟我抢，都是我的！！', 1, '2012-07-24 13:57:22'),
(20, '20120724135750', '1738767847', 34, '我还没睡醒，你们在看我吗，好害羞哦', 0, '2012-07-24 13:57:50'),
(21, '20120724135815', '2765347015', 34, '你们在看我吗，好害羞哦你们在看我吗，好害羞哦你们在看我吗，好害羞哦你们在看我吗，好害羞哦', 0, '2012-07-24 13:58:15'),
(22, '20120724141300', '2765347015', 23, '好想睡觉啊，困死了。', 1, '0000-00-00 00:00:00'),
(23, '20120724141410', '2765347015', 12, '你想吃吗，不给你哦。', 3, '2012-07-24 14:14:10'),
(24, '20120724155009', '2765347015', 12, '我讨厌晚上～～～', 8, '2012-07-24 15:50:09'),
(25, '20120725105719', '2765347015', 45, '测试看看嘛', 6, '2012-07-25 10:57:19'),
(26, '20120725110535', '1738767847', 12, '很早以前的时候我不太c喜欢小猫', 6, '2012-07-25 11:05:35'),
(27, '20120816123330', '2873082872', 2, 'fadsfa', 0, '2012-08-16 12:33:30'),
(28, '20120816123513', '2873082872', 2, 'dfdfdsf', 0, '2012-08-16 12:35:13'),
(29, '20120816123711', '2873082872', 2, 'dfadfa', 0, '2012-08-16 12:37:11');

-- --------------------------------------------------------

--
-- 表的结构 `imglike`
--

CREATE TABLE IF NOT EXISTS `imglike` (
  `id` int(10) NOT NULL AUTO_INCREMENT,
  `likeuid` varchar(20) CHARACTER SET utf8 COLLATE utf8_unicode_ci NOT NULL,
  `likeimgid` int(6) NOT NULL,
  `likedate` datetime NOT NULL,
  PRIMARY KEY (`id`)
) ENGINE=MyISAM  DEFAULT CHARSET=utf8 AUTO_INCREMENT=53 ;

--
-- 转存表中的数据 `imglike`
--

INSERT INTO `imglike` (`id`, `likeuid`, `likeimgid`, `likedate`) VALUES
(1, '2765347015', 2, '2012-07-26 05:22:17'),
(2, '2765347015', 5, '2012-07-26 05:22:24'),
(3, '2765347015', 3, '2012-07-26 05:23:35'),
(4, '1738767847', 2, '2012-07-28 17:36:12'),
(5, '2765347015', 2, '2012-07-31 15:11:59'),
(6, '2765347015', 2, '2012-07-31 15:35:27'),
(7, '2765347015', 2, '2012-07-31 15:35:41'),
(8, '2765347015', 2, '2012-07-31 15:35:53'),
(9, '2765347015', 2, '2012-07-31 15:38:45'),
(10, '2765347015', 26, '2012-07-31 16:01:05'),
(11, '2765347015', 19, '2012-07-31 16:02:07'),
(12, '2765347015', 25, '2012-07-31 16:02:20'),
(13, '2765347015', 25, '2012-07-31 16:11:35'),
(14, '2765347015', 23, '2012-07-31 16:11:37'),
(15, '2765347015', 14, '2012-07-31 16:11:40'),
(16, '2765347015', 24, '2012-07-31 16:12:19'),
(17, '2765347015', 9, '2012-07-31 16:12:22'),
(18, '1738767847', 24, '2012-07-31 16:19:18'),
(19, '1738767847', 25, '2012-07-31 16:19:50'),
(20, '1738767847', 26, '2012-07-31 16:19:55'),
(21, '1738767847', 26, '2012-07-31 16:25:56'),
(22, '1738767847', 25, '2012-07-31 16:26:19'),
(23, '1738767847', 26, '2012-07-31 16:26:48'),
(24, '1738767847', 25, '2012-07-31 16:27:10'),
(25, '1738767847', 23, '2012-07-31 16:27:24'),
(26, '1738767847', 24, '2012-07-31 16:27:37'),
(27, '1738767847', 24, '2012-08-01 00:48:14'),
(28, '1738767847', 23, '2012-08-01 00:48:19'),
(29, '1738767847', 22, '2012-08-01 00:48:20'),
(30, '1738767847', 15, '2012-08-01 00:48:25'),
(31, '1738767847', 15, '2012-08-01 00:48:27'),
(32, '1738767847', 5, '2012-08-01 00:48:29'),
(33, '1738767847', 24, '2012-08-01 01:00:02'),
(34, '1738767847', 24, '2012-08-01 01:14:06'),
(35, '1738767847', 24, '2012-08-01 01:14:57'),
(36, '1738767847', 12, '2012-08-01 01:16:28'),
(37, '2873082872', 2, '2012-08-14 13:33:34'),
(38, '2873082872', 26, '2012-08-14 13:33:44'),
(39, '2873082872', 25, '2012-08-14 13:33:45'),
(40, '2873082872', 26, '2012-08-14 13:34:02'),
(41, '2873082872', 24, '2012-08-14 13:34:04'),
(42, '1738767847', 20, '2012-08-14 16:22:54'),
(43, '1738767847', 20, '2012-08-14 16:22:54'),
(44, '1738767847', 20, '2012-08-14 16:22:55'),
(45, '1738767847', 20, '2012-08-14 16:22:55'),
(46, '1738767847', 20, '2012-08-14 16:22:56'),
(47, '1738767847', 20, '2012-08-14 16:22:56'),
(48, '1738767847', 24, '2012-08-14 16:27:23'),
(49, '1738767847', 25, '2012-08-14 16:29:55'),
(50, '1738767847', 13, '2012-08-16 07:55:24'),
(51, '1738767847', 26, '2012-08-16 12:17:36'),
(52, '2873082872', 27, '2012-08-16 12:34:01');

-- --------------------------------------------------------

--
-- 表的结构 `user`
--

CREATE TABLE IF NOT EXISTS `user` (
  `id` int(10) NOT NULL AUTO_INCREMENT,
  `uid` varchar(20) CHARACTER SET utf8 COLLATE utf8_unicode_ci NOT NULL,
  `uname` varchar(40) CHARACTER SET utf8 COLLATE utf8_unicode_ci NOT NULL,
  `uavatar` varchar(100) CHARACTER SET utf8 COLLATE utf8_unicode_ci NOT NULL,
  `uurl` varchar(500) CHARACTER SET utf8 COLLATE utf8_unicode_ci NOT NULL,
  `udescription` varchar(500) CHARACTER SET utf8 COLLATE utf8_unicode_ci NOT NULL,
  `usex` varchar(10) CHARACTER SET utf8 COLLATE utf8_unicode_ci NOT NULL,
  `ulocation` varchar(100) CHARACTER SET utf8 COLLATE utf8_unicode_ci NOT NULL,
  `udate` datetime NOT NULL,
  `ucat` varchar(100) CHARACTER SET utf8 COLLATE utf8_unicode_ci NOT NULL,
  PRIMARY KEY (`id`),
  UNIQUE KEY `uid` (`uid`)
) ENGINE=MyISAM  DEFAULT CHARSET=latin1 AUTO_INCREMENT=5 ;

--
-- 转存表中的数据 `user`
--

INSERT INTO `user` (`id`, `uid`, `uname`, `uavatar`, `uurl`, `udescription`, `usex`, `ulocation`, `udate`, `ucat`) VALUES
(1, '1738767847', '猴子与面包', 'http://tp4.sinaimg.cn/1738767847/50/5621223593/1', 'cxfmeters', '你看我是一个嬉皮。', 'm', '新疆 阿勒泰', '2012-07-23 15:11:23', ''),
(3, '2873082872', '喵时钟', 'http://tp1.sinaimg.cn/2873082872/50/39997318871/0', 'u/2873082872', '喵时钟为您整点报时：喵～喵～喵～', 'f', '海外 日本', '2012-07-23 15:24:55', ''),
(4, '2765347015', '萌猫录', 'http://tp4.sinaimg.cn/2765347015/50/39997210006/0', 'mengmaolu', '世界是人的后背后脑勺。', 'f', '海外 希腊', '2012-07-24 15:11:39', '');
